{"name": "microbench_tests", "gem5_binary": "/localhome/tianhaot/750proj/gem5-baseline/build/X86/gem5.opt", "run_script": "gem5-config-stride/run_micro.py", "params": ["DefaultO3", "DDR3_1600_8x8", "/data/benchmarks/spec2017/benchspec/CPU/531.deepsjeng_r/exe/deepsjeng_r_base.mytest-m64", "", "--clock", "4GHz", "-W", "0", "-I", "500000000"], "timeout": 7200, "_id": "b6dd79e7-6cdd-4655-be32-f7576fdedc14", "outdir": "/local-scratch/localhome/tianhaot/run_spec/results-proj-stride/X86/run_micro/531.deepsjeng_r/DefaultO3/DDR3_1600_8x8", "gem5_name": "X86", "script_name": "run_micro", "running": false, "enqueue_time": 1639095593.4156847, "start_time": 1639095593.5100713, "end_time": 1639098441.652106, "return_code": -6, "kill_reason": "", "status": "Failed", "pid": 1803446, "task_id": null, "results": null, "string": "X86 run_microDefaultO3 DDR3_1600_8x8 /data/benchmarks/spec2017/benchspec/CPU/531.deepsjeng_r/exe/deepsjeng_r_base.mytest-m64  --clock 4GHz -W 0 -I 500000000", "command": ["/localhome/tianhaot/750proj/gem5-baseline/build/X86/gem5.opt", "-re", "--outdir=/local-scratch/localhome/tianhaot/run_spec/results-proj-stride/X86/run_micro/531.deepsjeng_r/DefaultO3/DDR3_1600_8x8", "gem5-config-stride/run_micro.py", "DefaultO3", "DDR3_1600_8x8", "/data/benchmarks/spec2017/benchspec/CPU/531.deepsjeng_r/exe/deepsjeng_r_base.mytest-m64", "", "--clock", "4GHz", "-W", "0", "-I", "500000000"], "hash": "054a67dd9fb44d9f8d409d903ade1ae0", "type": "gem5 run", "current_time": 1639098436.6463196}