{"name": "microbench_tests", "gem5_binary": "/localhome/tianhaot/750proj/gem5-baseline/build/X86/gem5.opt", "run_script": "gem5-config-proj/run_micro.py", "params": ["Simple", "DDR3_1600_8x8", "/data/benchmarks/spec2017/benchspec/CPU/631.deepsjeng_s/exe/deepsjeng_s_base.mytest-m64", "", "--clock", "4GHz", "-W", "0", "-I", "1000000000"], "timeout": 28800, "_id": "bf48a44e-47ea-42a0-b7c2-0daf0485bf64", "outdir": "/local-scratch/localhome/tianhaot/run_spec/results-proj-baseline/X86/run_micro/631.deepsjeng_s/Simple/DDR3_1600_8x8", "gem5_name": "X86", "script_name": "run_micro", "running": false, "enqueue_time": 1639371418.1781209, "start_time": 1639371418.2748032, "end_time": 1639373650.76036, "return_code": 0, "kill_reason": "", "status": "Finished", "pid": 2762086, "task_id": null, "results": null, "string": "X86 run_microSimple DDR3_1600_8x8 /data/benchmarks/spec2017/benchspec/CPU/631.deepsjeng_s/exe/deepsjeng_s_base.mytest-m64  --clock 4GHz -W 0 -I 1000000000", "command": ["/localhome/tianhaot/750proj/gem5-baseline/build/X86/gem5.opt", "-re", "--outdir=/local-scratch/localhome/tianhaot/run_spec/results-proj-baseline/X86/run_micro/631.deepsjeng_s/Simple/DDR3_1600_8x8", "gem5-config-proj/run_micro.py", "Simple", "DDR3_1600_8x8", "/data/benchmarks/spec2017/benchspec/CPU/631.deepsjeng_s/exe/deepsjeng_s_base.mytest-m64", "", "--clock", "4GHz", "-W", "0", "-I", "1000000000"], "hash": "01d0550a9eaa224eeef317c7aa8df427", "type": "gem5 run", "current_time": 1639373645.7544885}