{"name": "microbench_tests", "gem5_binary": "/localhome/tianhaot/750proj/gem5-baseline/build/X86/gem5.opt", "run_script": "gem5-config-tagged/run_micro.py", "params": ["Simple", "DDR3_1600_8x8", "/data/benchmarks/spec2017/benchspec/CPU/623.xalancbmk_s/exe/xalancbmk_s_base.mytest-m64", "/data/benchmarks/spec2017/benchspec/CPU/523.xalancbmk_r/data/test/input/test.xml /data/benchmarks/spec2017/benchspec/CPU/523.xalancbmk_r/data/refrate/input/xalanc.xsl", "--clock", "4GHz", "-W", "0", "-I", "500000000"], "timeout": 7200, "_id": "3e8d0e3e-8dde-41a7-a8aa-d9f8af4b0a88", "outdir": "/local-scratch/localhome/tianhaot/run_spec/results-proj-tagged/X86/run_micro/623.xalancbmk_s/Simple/DDR3_1600_8x8", "gem5_name": "X86", "script_name": "run_micro", "running": false, "enqueue_time": 1639095608.3121557, "start_time": 1639095608.404692, "end_time": 1639096108.9500248, "return_code": 0, "kill_reason": "", "status": "Finished", "pid": 1803967, "task_id": null, "results": null, "string": "X86 run_microSimple DDR3_1600_8x8 /data/benchmarks/spec2017/benchspec/CPU/623.xalancbmk_s/exe/xalancbmk_s_base.mytest-m64 /data/benchmarks/spec2017/benchspec/CPU/523.xalancbmk_r/data/test/input/test.xml /data/benchmarks/spec2017/benchspec/CPU/523.xalancbmk_r/data/refrate/input/xalanc.xsl --clock 4GHz -W 0 -I 500000000", "command": ["/localhome/tianhaot/750proj/gem5-baseline/build/X86/gem5.opt", "-re", "--outdir=/local-scratch/localhome/tianhaot/run_spec/results-proj-tagged/X86/run_micro/623.xalancbmk_s/Simple/DDR3_1600_8x8", "gem5-config-tagged/run_micro.py", "Simple", "DDR3_1600_8x8", "/data/benchmarks/spec2017/benchspec/CPU/623.xalancbmk_s/exe/xalancbmk_s_base.mytest-m64", "/data/benchmarks/spec2017/benchspec/CPU/523.xalancbmk_r/data/test/input/test.xml /data/benchmarks/spec2017/benchspec/CPU/523.xalancbmk_r/data/refrate/input/xalanc.xsl", "--clock", "4GHz", "-W", "0", "-I", "500000000"], "hash": "8f212aa4d68da9d2c2cecfd3e48ab81e", "type": "gem5 run", "current_time": 1639096103.9440804}