{"name": "microbench_tests", "gem5_binary": "/localhome/tianhaot/750proj/gem5-baseline/build/X86/gem5.opt", "run_script": "gem5-config-proj/run_micro.py", "params": ["DefaultO3", "DDR3_1600_8x8", "/data/benchmarks/spec2017/benchspec/CPU/605.mcf_s/exe/mcf_s_base.mytest-m64", "/data/benchmarks/spec2017/benchspec/CPU/505.mcf_r/data/test/input/inp.in", "--clock", "4GHz", "-W", "0", "-I", "1000000000"], "timeout": 28800, "_id": "dd66fe7b-885f-4a7f-b07c-5e2d217b753c", "outdir": "/local-scratch/localhome/tianhaot/run_spec/results-proj-baseline/X86/run_micro/605.mcf_s/DefaultO3/DDR3_1600_8x8", "gem5_name": "X86", "script_name": "run_micro", "running": false, "enqueue_time": 1639371418.1792657, "start_time": 1639371418.2756927, "end_time": 1639379627.4067028, "return_code": 0, "kill_reason": "", "status": "Finished", "pid": 2762095, "task_id": null, "results": null, "string": "X86 run_microDefaultO3 DDR3_1600_8x8 /data/benchmarks/spec2017/benchspec/CPU/605.mcf_s/exe/mcf_s_base.mytest-m64 /data/benchmarks/spec2017/benchspec/CPU/505.mcf_r/data/test/input/inp.in --clock 4GHz -W 0 -I 1000000000", "command": ["/localhome/tianhaot/750proj/gem5-baseline/build/X86/gem5.opt", "-re", "--outdir=/local-scratch/localhome/tianhaot/run_spec/results-proj-baseline/X86/run_micro/605.mcf_s/DefaultO3/DDR3_1600_8x8", "gem5-config-proj/run_micro.py", "DefaultO3", "DDR3_1600_8x8", "/data/benchmarks/spec2017/benchspec/CPU/605.mcf_s/exe/mcf_s_base.mytest-m64", "/data/benchmarks/spec2017/benchspec/CPU/505.mcf_r/data/test/input/inp.in", "--clock", "4GHz", "-W", "0", "-I", "1000000000"], "hash": "e90a5ca568ac8101c81a526802fe11bc", "type": "gem5 run", "current_time": 1639379622.4009402}