{"name": "microbench_tests", "gem5_binary": "/localhome/tianhaot/750proj/gem5-baseline/build/X86/gem5.opt", "run_script": "gem5-config-proj/run_micro.py", "params": ["DefaultO3", "DDR3_1600_8x8", "/data/benchmarks/spec2017/benchspec/CPU/623.xalancbmk_s/exe/xalancbmk_s_base.mytest-m64", "/data/benchmarks/spec2017/benchspec/CPU/523.xalancbmk_r/data/test/input/test.xml /data/benchmarks/spec2017/benchspec/CPU/523.xalancbmk_r/data/refrate/input/xalanc.xsl", "--clock", "4GHz", "-W", "0", "-I", "1000000000"], "timeout": 28800, "_id": "c1413a5f-0d66-4423-9727-6b6db9707fab", "outdir": "/local-scratch/localhome/tianhaot/run_spec/results-proj-baseline/X86/run_micro/623.xalancbmk_s/DefaultO3/DDR3_1600_8x8", "gem5_name": "X86", "script_name": "run_micro", "running": false, "enqueue_time": 1639371418.1802135, "start_time": 1639371418.2757804, "end_time": 1639373065.092365, "return_code": -6, "kill_reason": "", "status": "Failed", "pid": 2762093, "task_id": null, "results": null, "string": "X86 run_microDefaultO3 DDR3_1600_8x8 /data/benchmarks/spec2017/benchspec/CPU/623.xalancbmk_s/exe/xalancbmk_s_base.mytest-m64 /data/benchmarks/spec2017/benchspec/CPU/523.xalancbmk_r/data/test/input/test.xml /data/benchmarks/spec2017/benchspec/CPU/523.xalancbmk_r/data/refrate/input/xalanc.xsl --clock 4GHz -W 0 -I 1000000000", "command": ["/localhome/tianhaot/750proj/gem5-baseline/build/X86/gem5.opt", "-re", "--outdir=/local-scratch/localhome/tianhaot/run_spec/results-proj-baseline/X86/run_micro/623.xalancbmk_s/DefaultO3/DDR3_1600_8x8", "gem5-config-proj/run_micro.py", "DefaultO3", "DDR3_1600_8x8", "/data/benchmarks/spec2017/benchspec/CPU/623.xalancbmk_s/exe/xalancbmk_s_base.mytest-m64", "/data/benchmarks/spec2017/benchspec/CPU/523.xalancbmk_r/data/test/input/test.xml /data/benchmarks/spec2017/benchspec/CPU/523.xalancbmk_r/data/refrate/input/xalanc.xsl", "--clock", "4GHz", "-W", "0", "-I", "1000000000"], "hash": "40fe4c197f4d8661ebf737dd78882087", "type": "gem5 run", "current_time": 1639373060.0863876}