{"name": "microbench_tests", "gem5_binary": "/localhome/tianhaot/750proj/gem5-baseline/build/X86/gem5.opt", "run_script": "gem5-config-tagged/run_micro.py", "params": ["DefaultO3", "DDR3_1600_8x8", "/data/benchmarks/spec2017/benchspec/CPU/631.deepsjeng_s/exe/deepsjeng_s_base.mytest-m64", "", "--clock", "4GHz", "-W", "0", "-I", "500000000"], "timeout": 7200, "_id": "7f4d8e35-3a5c-45ee-9a43-d904cc1f5cba", "outdir": "/local-scratch/localhome/tianhaot/run_spec/results-proj-tagged/X86/run_micro/631.deepsjeng_s/DefaultO3/DDR3_1600_8x8", "gem5_name": "X86", "script_name": "run_micro", "running": false, "enqueue_time": 1639095608.3107238, "start_time": 1639095608.4028044, "end_time": 1639102816.4816108, "return_code": -9, "kill_reason": "timeout", "status": "Failed", "pid": 1803954, "task_id": null, "results": null, "string": "X86 run_microDefaultO3 DDR3_1600_8x8 /data/benchmarks/spec2017/benchspec/CPU/631.deepsjeng_s/exe/deepsjeng_s_base.mytest-m64  --clock 4GHz -W 0 -I 500000000", "command": ["/localhome/tianhaot/750proj/gem5-baseline/build/X86/gem5.opt", "-re", "--outdir=/local-scratch/localhome/tianhaot/run_spec/results-proj-tagged/X86/run_micro/631.deepsjeng_s/DefaultO3/DDR3_1600_8x8", "gem5-config-tagged/run_micro.py", "DefaultO3", "DDR3_1600_8x8", "/data/benchmarks/spec2017/benchspec/CPU/631.deepsjeng_s/exe/deepsjeng_s_base.mytest-m64", "", "--clock", "4GHz", "-W", "0", "-I", "500000000"], "hash": "2b155e64156710dd04fe0a556436ffad", "type": "gem5 run", "current_time": 1639102811.4756596}