{"name": "microbench_tests", "gem5_binary": "/localhome/tianhaot/750proj/gem5-baseline/build/X86/gem5.opt", "run_script": "gem5-config-he/run_micro.py", "params": ["Simple", "DDR3_1600_8x8", "/data/benchmarks/spec2017/benchspec/CPU/505.mcf_r/exe/mcf_r_base.mytest-m64", "/data/benchmarks/spec2017/benchspec/CPU/505.mcf_r/data/test/input/inp.in", "--clock", "4GHz", "-W", "0", "-I", "1000000000"], "timeout": 28800, "_id": "aa28c501-8a73-4e50-95ec-928eb02df912", "outdir": "/local-scratch/localhome/tianhaot/run_spec/results-proj-he/X86/run_micro/505.mcf_r/Simple/DDR3_1600_8x8", "gem5_name": "X86", "script_name": "run_micro", "running": false, "enqueue_time": 1639371415.7658138, "start_time": 1639371415.8620613, "end_time": 1639372887.4830601, "return_code": 0, "kill_reason": "", "status": "Finished", "pid": 2761861, "task_id": null, "results": null, "string": "X86 run_microSimple DDR3_1600_8x8 /data/benchmarks/spec2017/benchspec/CPU/505.mcf_r/exe/mcf_r_base.mytest-m64 /data/benchmarks/spec2017/benchspec/CPU/505.mcf_r/data/test/input/inp.in --clock 4GHz -W 0 -I 1000000000", "command": ["/localhome/tianhaot/750proj/gem5-baseline/build/X86/gem5.opt", "-re", "--outdir=/local-scratch/localhome/tianhaot/run_spec/results-proj-he/X86/run_micro/505.mcf_r/Simple/DDR3_1600_8x8", "gem5-config-he/run_micro.py", "Simple", "DDR3_1600_8x8", "/data/benchmarks/spec2017/benchspec/CPU/505.mcf_r/exe/mcf_r_base.mytest-m64", "/data/benchmarks/spec2017/benchspec/CPU/505.mcf_r/data/test/input/inp.in", "--clock", "4GHz", "-W", "0", "-I", "1000000000"], "hash": "d502011ac71a56b6a106f98a99554a82", "type": "gem5 run", "current_time": 1639372882.4769998}