{"name": "microbench_tests", "gem5_binary": "/localhome/tianhaot/750proj/gem5-baseline/build/X86/gem5.opt", "run_script": "gem5-config-tagged/run_micro.py", "params": ["Simple", "DDR3_1600_8x8", "/data/benchmarks/spec2017/benchspec/CPU/641.leela_s/exe/leela_s_base.mytest-m64", "/data/benchmarks/spec2017/benchspec/CPU/541.leela_r/data/test/input/test.sgf", "--clock", "4GHz", "-W", "0", "-I", "500000000"], "timeout": 7200, "_id": "606aecd6-850b-4023-978a-14211420d4f2", "outdir": "/local-scratch/localhome/tianhaot/run_spec/results-proj-tagged/X86/run_micro/641.leela_s/Simple/DDR3_1600_8x8", "gem5_name": "X86", "script_name": "run_micro", "running": false, "enqueue_time": 1639095608.3096542, "start_time": 1639095608.402098, "end_time": 1639096174.0205288, "return_code": 0, "kill_reason": "", "status": "Finished", "pid": 1803955, "task_id": null, "results": null, "string": "X86 run_microSimple DDR3_1600_8x8 /data/benchmarks/spec2017/benchspec/CPU/641.leela_s/exe/leela_s_base.mytest-m64 /data/benchmarks/spec2017/benchspec/CPU/541.leela_r/data/test/input/test.sgf --clock 4GHz -W 0 -I 500000000", "command": ["/localhome/tianhaot/750proj/gem5-baseline/build/X86/gem5.opt", "-re", "--outdir=/local-scratch/localhome/tianhaot/run_spec/results-proj-tagged/X86/run_micro/641.leela_s/Simple/DDR3_1600_8x8", "gem5-config-tagged/run_micro.py", "Simple", "DDR3_1600_8x8", "/data/benchmarks/spec2017/benchspec/CPU/641.leela_s/exe/leela_s_base.mytest-m64", "/data/benchmarks/spec2017/benchspec/CPU/541.leela_r/data/test/input/test.sgf", "--clock", "4GHz", "-W", "0", "-I", "500000000"], "hash": "c05b4077e0bbb5c7f4552ab68d8743ba", "type": "gem5 run", "current_time": 1639096169.0147085}