{"name": "microbench_tests", "gem5_binary": "/localhome/tianhaot/750proj/gem5-baseline/build/X86/gem5.opt", "run_script": "gem5-config-stride/run_micro.py", "params": ["DefaultO3", "DDR3_1600_8x8", "/data/benchmarks/spec2017/benchspec/CPU/523.xalancbmk_r/exe/cpuxalan_r_base.mytest-m64", "/data/benchmarks/spec2017/benchspec/CPU/523.xalancbmk_r/data/test/input/test.xml /data/benchmarks/spec2017/benchspec/CPU/523.xalancbmk_r/data/refrate/input/xalanc.xsl", "--clock", "4GHz", "-W", "0", "-I", "500000000"], "timeout": 7200, "_id": "ad0e7edf-bb51-48b5-952e-b785e8e9da8c", "outdir": "/local-scratch/localhome/tianhaot/run_spec/results-proj-stride/X86/run_micro/523.xalancbmk_r/DefaultO3/DDR3_1600_8x8", "gem5_name": "X86", "script_name": "run_micro", "running": false, "enqueue_time": 1639095593.4172547, "start_time": 1639095593.511603, "end_time": 1639097215.294267, "return_code": -6, "kill_reason": "", "status": "Failed", "pid": 1803454, "task_id": null, "results": null, "string": "X86 run_microDefaultO3 DDR3_1600_8x8 /data/benchmarks/spec2017/benchspec/CPU/523.xalancbmk_r/exe/cpuxalan_r_base.mytest-m64 /data/benchmarks/spec2017/benchspec/CPU/523.xalancbmk_r/data/test/input/test.xml /data/benchmarks/spec2017/benchspec/CPU/523.xalancbmk_r/data/refrate/input/xalanc.xsl --clock 4GHz -W 0 -I 500000000", "command": ["/localhome/tianhaot/750proj/gem5-baseline/build/X86/gem5.opt", "-re", "--outdir=/local-scratch/localhome/tianhaot/run_spec/results-proj-stride/X86/run_micro/523.xalancbmk_r/DefaultO3/DDR3_1600_8x8", "gem5-config-stride/run_micro.py", "DefaultO3", "DDR3_1600_8x8", "/data/benchmarks/spec2017/benchspec/CPU/523.xalancbmk_r/exe/cpuxalan_r_base.mytest-m64", "/data/benchmarks/spec2017/benchspec/CPU/523.xalancbmk_r/data/test/input/test.xml /data/benchmarks/spec2017/benchspec/CPU/523.xalancbmk_r/data/refrate/input/xalanc.xsl", "--clock", "4GHz", "-W", "0", "-I", "500000000"], "hash": "9a00019545454da6c431d3536a5e5640", "type": "gem5 run", "current_time": 1639097210.2884462}