{"name": "microbench_tests", "gem5_binary": "/localhome/tianhaot/750proj/gem5-baseline/build/X86/gem5.opt", "run_script": "gem5-config-stride/run_micro.py", "params": ["Simple", "DDR3_1600_8x8", "/data/benchmarks/spec2017/benchspec/CPU/510.parest_r/exe/parest_r_base.mytest-m64", "/data/benchmarks/spec2017/benchspec/CPU/510.parest_r/data/test/input/test.prm", "--clock", "4GHz", "-W", "0", "-I", "500000000"], "timeout": 7200, "_id": "3dd8bdba-0562-4d38-a1ee-f8cbaf01df5d", "outdir": "/local-scratch/localhome/tianhaot/run_spec/results-proj-stride/X86/run_micro/510.parest_r/Simple/DDR3_1600_8x8", "gem5_name": "X86", "script_name": "run_micro", "running": false, "enqueue_time": 1639095593.4140255, "start_time": 1639095593.5083833, "end_time": 1639096224.1707797, "return_code": 0, "kill_reason": "", "status": "Finished", "pid": 1803439, "task_id": null, "results": null, "string": "X86 run_microSimple DDR3_1600_8x8 /data/benchmarks/spec2017/benchspec/CPU/510.parest_r/exe/parest_r_base.mytest-m64 /data/benchmarks/spec2017/benchspec/CPU/510.parest_r/data/test/input/test.prm --clock 4GHz -W 0 -I 500000000", "command": ["/localhome/tianhaot/750proj/gem5-baseline/build/X86/gem5.opt", "-re", "--outdir=/local-scratch/localhome/tianhaot/run_spec/results-proj-stride/X86/run_micro/510.parest_r/Simple/DDR3_1600_8x8", "gem5-config-stride/run_micro.py", "Simple", "DDR3_1600_8x8", "/data/benchmarks/spec2017/benchspec/CPU/510.parest_r/exe/parest_r_base.mytest-m64", "/data/benchmarks/spec2017/benchspec/CPU/510.parest_r/data/test/input/test.prm", "--clock", "4GHz", "-W", "0", "-I", "500000000"], "hash": "87d0d6eb2994945a9047404fca301126", "type": "gem5 run", "current_time": 1639096219.1649725}