{"name": "microbench_tests", "gem5_binary": "/localhome/tianhaot/750proj/gem5-baseline/build/X86/gem5.opt", "run_script": "gem5-config-baseline-dbcp/run_micro.py", "params": ["Simple", "DDR3_1600_8x8", "/data/benchmarks/spec2017/benchspec/CPU/505.mcf_r/exe/mcf_r_base.mytest-m64", "/data/benchmarks/spec2017/benchspec/CPU/505.mcf_r/data/test/input/inp.in", "--clock", "4GHz", "-W", "0", "-I", "500000000"], "timeout": 7200, "_id": "d8c68874-4b32-4338-a0b9-6f90b166dc6c", "outdir": "/local-scratch/localhome/tianhaot/run_spec/results-proj-baseline-dbcp/X86/run_micro/505.mcf_r/Simple/DDR3_1600_8x8", "gem5_name": "X86", "script_name": "run_micro", "running": false, "enqueue_time": 1638929261.1027372, "start_time": 1638929261.2071965, "end_time": 1638930212.1908195, "return_code": 0, "kill_reason": "", "status": "Finished", "pid": 1258709, "task_id": null, "results": null, "string": "X86 run_microSimple DDR3_1600_8x8 /data/benchmarks/spec2017/benchspec/CPU/505.mcf_r/exe/mcf_r_base.mytest-m64 /data/benchmarks/spec2017/benchspec/CPU/505.mcf_r/data/test/input/inp.in --clock 4GHz -W 0 -I 500000000", "command": ["/localhome/tianhaot/750proj/gem5-baseline/build/X86/gem5.opt", "-re", "--outdir=/local-scratch/localhome/tianhaot/run_spec/results-proj-baseline-dbcp/X86/run_micro/505.mcf_r/Simple/DDR3_1600_8x8", "gem5-config-baseline-dbcp/run_micro.py", "Simple", "DDR3_1600_8x8", "/data/benchmarks/spec2017/benchspec/CPU/505.mcf_r/exe/mcf_r_base.mytest-m64", "/data/benchmarks/spec2017/benchspec/CPU/505.mcf_r/data/test/input/inp.in", "--clock", "4GHz", "-W", "0", "-I", "500000000"], "hash": "9e418d3210237c8478bc1023ffbada93", "type": "gem5 run", "current_time": 1638930207.1849577}