{"name": "microbench_tests", "gem5_binary": "/localhome/tianhaot/750proj/gem5-baseline/build/X86/gem5.opt", "run_script": "gem5-config-proj/run_micro.py", "params": ["DefaultO3", "DDR3_1600_8x8", "/data/benchmarks/spec2017/benchspec/CPU/510.parest_r/exe/parest_r_base.mytest-m64", "/data/benchmarks/spec2017/benchspec/CPU/510.parest_r/data/test/input/test.prm", "--clock", "4GHz", "-W", "0", "-I", "1000000000"], "timeout": 28800, "_id": "0cd3856c-484b-48f6-9902-91c33204f4df", "outdir": "/local-scratch/localhome/tianhaot/run_spec/results-proj-baseline/X86/run_micro/510.parest_r/DefaultO3/DDR3_1600_8x8", "gem5_name": "X86", "script_name": "run_micro", "running": false, "enqueue_time": 1639371418.1763208, "start_time": 1639371418.2730968, "end_time": 1639377009.5201046, "return_code": 0, "kill_reason": "", "status": "Finished", "pid": 2762079, "task_id": null, "results": null, "string": "X86 run_microDefaultO3 DDR3_1600_8x8 /data/benchmarks/spec2017/benchspec/CPU/510.parest_r/exe/parest_r_base.mytest-m64 /data/benchmarks/spec2017/benchspec/CPU/510.parest_r/data/test/input/test.prm --clock 4GHz -W 0 -I 1000000000", "command": ["/localhome/tianhaot/750proj/gem5-baseline/build/X86/gem5.opt", "-re", "--outdir=/local-scratch/localhome/tianhaot/run_spec/results-proj-baseline/X86/run_micro/510.parest_r/DefaultO3/DDR3_1600_8x8", "gem5-config-proj/run_micro.py", "DefaultO3", "DDR3_1600_8x8", "/data/benchmarks/spec2017/benchspec/CPU/510.parest_r/exe/parest_r_base.mytest-m64", "/data/benchmarks/spec2017/benchspec/CPU/510.parest_r/data/test/input/test.prm", "--clock", "4GHz", "-W", "0", "-I", "1000000000"], "hash": "f414066769e6d96360a107038c737be0", "type": "gem5 run", "current_time": 1639377004.5144057}