{"name": "microbench_tests", "gem5_binary": "/localhome/tianhaot/750proj/gem5-baseline/build/X86/gem5.opt", "run_script": "gem5-config-he/run_micro.py", "params": ["DefaultO3", "DDR3_1600_8x8", "/data/benchmarks/spec2017/benchspec/CPU/531.deepsjeng_r/exe/deepsjeng_r_base.mytest-m64", "", "--clock", "4GHz", "-W", "0", "-I", "1000000000"], "timeout": 28800, "_id": "7adf0164-ae78-42a2-8977-8ff76d1fc5d2", "outdir": "/local-scratch/localhome/tianhaot/run_spec/results-proj-he/X86/run_micro/531.deepsjeng_r/DefaultO3/DDR3_1600_8x8", "gem5_name": "X86", "script_name": "run_micro", "running": false, "enqueue_time": 1639371415.7651587, "start_time": 1639371415.8614209, "end_time": 1639376010.9824154, "return_code": -6, "kill_reason": "", "status": "Failed", "pid": 2761857, "task_id": null, "results": null, "string": "X86 run_microDefaultO3 DDR3_1600_8x8 /data/benchmarks/spec2017/benchspec/CPU/531.deepsjeng_r/exe/deepsjeng_r_base.mytest-m64  --clock 4GHz -W 0 -I 1000000000", "command": ["/localhome/tianhaot/750proj/gem5-baseline/build/X86/gem5.opt", "-re", "--outdir=/local-scratch/localhome/tianhaot/run_spec/results-proj-he/X86/run_micro/531.deepsjeng_r/DefaultO3/DDR3_1600_8x8", "gem5-config-he/run_micro.py", "DefaultO3", "DDR3_1600_8x8", "/data/benchmarks/spec2017/benchspec/CPU/531.deepsjeng_r/exe/deepsjeng_r_base.mytest-m64", "", "--clock", "4GHz", "-W", "0", "-I", "1000000000"], "hash": "b3327b92696f218716081967feb0d08f", "type": "gem5 run", "current_time": 1639376005.976617}