{"name": "microbench_tests", "gem5_binary": "/localhome/tianhaot/750proj/gem5-baseline/build/X86/gem5.opt", "run_script": "gem5-config-stride/run_micro.py", "params": ["Simple", "DDR3_1600_8x8", "/data/benchmarks/spec2017/benchspec/CPU/623.xalancbmk_s/exe/xalancbmk_s_base.mytest-m64", "/data/benchmarks/spec2017/benchspec/CPU/523.xalancbmk_r/data/test/input/test.xml /data/benchmarks/spec2017/benchspec/CPU/523.xalancbmk_r/data/refrate/input/xalanc.xsl", "--clock", "4GHz", "-W", "0", "-I", "500000000"], "timeout": 7200, "_id": "264a0361-9308-4245-9d85-13b6b0f814f4", "outdir": "/local-scratch/localhome/tianhaot/run_spec/results-proj-stride/X86/run_micro/623.xalancbmk_s/Simple/DDR3_1600_8x8", "gem5_name": "X86", "script_name": "run_micro", "running": false, "enqueue_time": 1639095593.417438, "start_time": 1639095593.5118115, "end_time": 1639096069.036942, "return_code": 0, "kill_reason": "", "status": "Finished", "pid": 1803455, "task_id": null, "results": null, "string": "X86 run_microSimple DDR3_1600_8x8 /data/benchmarks/spec2017/benchspec/CPU/623.xalancbmk_s/exe/xalancbmk_s_base.mytest-m64 /data/benchmarks/spec2017/benchspec/CPU/523.xalancbmk_r/data/test/input/test.xml /data/benchmarks/spec2017/benchspec/CPU/523.xalancbmk_r/data/refrate/input/xalanc.xsl --clock 4GHz -W 0 -I 500000000", "command": ["/localhome/tianhaot/750proj/gem5-baseline/build/X86/gem5.opt", "-re", "--outdir=/local-scratch/localhome/tianhaot/run_spec/results-proj-stride/X86/run_micro/623.xalancbmk_s/Simple/DDR3_1600_8x8", "gem5-config-stride/run_micro.py", "Simple", "DDR3_1600_8x8", "/data/benchmarks/spec2017/benchspec/CPU/623.xalancbmk_s/exe/xalancbmk_s_base.mytest-m64", "/data/benchmarks/spec2017/benchspec/CPU/523.xalancbmk_r/data/test/input/test.xml /data/benchmarks/spec2017/benchspec/CPU/523.xalancbmk_r/data/refrate/input/xalanc.xsl", "--clock", "4GHz", "-W", "0", "-I", "500000000"], "hash": "aa81dc73a45184b90da6a9e9dd551f39", "type": "gem5 run", "current_time": 1639096064.0311058}