{"name": "microbench_tests", "gem5_binary": "/localhome/tianhaot/750proj/gem5-baseline/build/X86/gem5.opt", "run_script": "gem5-config-tagged/run_micro.py", "params": ["Simple", "DDR3_1600_8x8", "/data/benchmarks/spec2017/benchspec/CPU/531.deepsjeng_r/exe/deepsjeng_r_base.mytest-m64", "", "--clock", "4GHz", "-W", "0", "-I", "500000000"], "timeout": 7200, "_id": "73ae1571-8f96-4631-a146-54d9e108c2cf", "outdir": "/local-scratch/localhome/tianhaot/run_spec/results-proj-tagged/X86/run_micro/531.deepsjeng_r/Simple/DDR3_1600_8x8", "gem5_name": "X86", "script_name": "run_micro", "running": false, "enqueue_time": 1639095608.3100939, "start_time": 1639095608.402509, "end_time": 1639095888.7061098, "return_code": 0, "kill_reason": "", "status": "Finished", "pid": 1803957, "task_id": null, "results": null, "string": "X86 run_microSimple DDR3_1600_8x8 /data/benchmarks/spec2017/benchspec/CPU/531.deepsjeng_r/exe/deepsjeng_r_base.mytest-m64  --clock 4GHz -W 0 -I 500000000", "command": ["/localhome/tianhaot/750proj/gem5-baseline/build/X86/gem5.opt", "-re", "--outdir=/local-scratch/localhome/tianhaot/run_spec/results-proj-tagged/X86/run_micro/531.deepsjeng_r/Simple/DDR3_1600_8x8", "gem5-config-tagged/run_micro.py", "Simple", "DDR3_1600_8x8", "/data/benchmarks/spec2017/benchspec/CPU/531.deepsjeng_r/exe/deepsjeng_r_base.mytest-m64", "", "--clock", "4GHz", "-W", "0", "-I", "500000000"], "hash": "9d5e0faa8734ae02c89c165a6535a7f9", "type": "gem5 run", "current_time": 1639095883.7003195}