{"name": "microbench_tests", "gem5_binary": "/localhome/tianhaot/750proj/gem5-baseline/build/X86/gem5.opt", "run_script": "gem5-config-stride/run_micro.py", "params": ["DefaultO3", "DDR3_1600_8x8", "/data/benchmarks/spec2017/benchspec/CPU/605.mcf_s/exe/mcf_s_base.mytest-m64", "/data/benchmarks/spec2017/benchspec/CPU/505.mcf_r/data/test/input/inp.in", "--clock", "4GHz", "-W", "0", "-I", "500000000"], "timeout": 7200, "_id": "807bad7c-6d2c-4ed6-b6de-914ac8790c39", "outdir": "/local-scratch/localhome/tianhaot/run_spec/results-proj-stride/X86/run_micro/605.mcf_s/DefaultO3/DDR3_1600_8x8", "gem5_name": "X86", "script_name": "run_micro", "running": false, "enqueue_time": 1639095593.4168527, "start_time": 1639095593.5111792, "end_time": 1639099002.1657045, "return_code": 0, "kill_reason": "", "status": "Finished", "pid": 1803452, "task_id": null, "results": null, "string": "X86 run_microDefaultO3 DDR3_1600_8x8 /data/benchmarks/spec2017/benchspec/CPU/605.mcf_s/exe/mcf_s_base.mytest-m64 /data/benchmarks/spec2017/benchspec/CPU/505.mcf_r/data/test/input/inp.in --clock 4GHz -W 0 -I 500000000", "command": ["/localhome/tianhaot/750proj/gem5-baseline/build/X86/gem5.opt", "-re", "--outdir=/local-scratch/localhome/tianhaot/run_spec/results-proj-stride/X86/run_micro/605.mcf_s/DefaultO3/DDR3_1600_8x8", "gem5-config-stride/run_micro.py", "DefaultO3", "DDR3_1600_8x8", "/data/benchmarks/spec2017/benchspec/CPU/605.mcf_s/exe/mcf_s_base.mytest-m64", "/data/benchmarks/spec2017/benchspec/CPU/505.mcf_r/data/test/input/inp.in", "--clock", "4GHz", "-W", "0", "-I", "500000000"], "hash": "2368bfa5ecaa922daa2151c74e93cadc", "type": "gem5 run", "current_time": 1639098997.1598113}