{"name": "microbench_tests", "gem5_binary": "/localhome/tianhaot/750proj/gem5-baseline/build/X86/gem5.opt", "run_script": "gem5-config-baseline-dbcp/run_micro.py", "params": ["Simple", "DDR3_1600_8x8", "/data/benchmarks/spec2017/benchspec/CPU/510.parest_r/exe/parest_r_base.mytest-m64", "/data/benchmarks/spec2017/benchspec/CPU/510.parest_r/data/test/input/test.prm", "--clock", "4GHz", "-W", "0", "-I", "500000000"], "timeout": 7200, "_id": "bdf7ccd8-8b16-44a8-ab32-241961f35cc4", "outdir": "/local-scratch/localhome/tianhaot/run_spec/results-proj-baseline-dbcp/X86/run_micro/510.parest_r/Simple/DDR3_1600_8x8", "gem5_name": "X86", "script_name": "run_micro", "running": false, "enqueue_time": 1638929261.0993226, "start_time": 1638929261.2050664, "end_time": 1638929921.8789194, "return_code": 0, "kill_reason": "", "status": "Finished", "pid": 1258699, "task_id": null, "results": null, "string": "X86 run_microSimple DDR3_1600_8x8 /data/benchmarks/spec2017/benchspec/CPU/510.parest_r/exe/parest_r_base.mytest-m64 /data/benchmarks/spec2017/benchspec/CPU/510.parest_r/data/test/input/test.prm --clock 4GHz -W 0 -I 500000000", "command": ["/localhome/tianhaot/750proj/gem5-baseline/build/X86/gem5.opt", "-re", "--outdir=/local-scratch/localhome/tianhaot/run_spec/results-proj-baseline-dbcp/X86/run_micro/510.parest_r/Simple/DDR3_1600_8x8", "gem5-config-baseline-dbcp/run_micro.py", "Simple", "DDR3_1600_8x8", "/data/benchmarks/spec2017/benchspec/CPU/510.parest_r/exe/parest_r_base.mytest-m64", "/data/benchmarks/spec2017/benchspec/CPU/510.parest_r/data/test/input/test.prm", "--clock", "4GHz", "-W", "0", "-I", "500000000"], "hash": "dcb57fcf56476d6a77bde9e4141fa025", "type": "gem5 run", "current_time": 1638929916.8734264}