{"name": "microbench_tests", "gem5_binary": "/localhome/tianhaot/750proj/gem5-baseline/build/X86/gem5.opt", "run_script": "gem5-config-tagged/run_micro.py", "params": ["DefaultO3", "DDR3_1600_8x8", "/data/benchmarks/spec2017/benchspec/CPU/531.deepsjeng_r/exe/deepsjeng_r_base.mytest-m64", "", "--clock", "4GHz", "-W", "0", "-I", "500000000"], "timeout": 7200, "_id": "54fd8b53-6653-497f-b2ed-2a52c98d141f", "outdir": "/local-scratch/localhome/tianhaot/run_spec/results-proj-tagged/X86/run_micro/531.deepsjeng_r/DefaultO3/DDR3_1600_8x8", "gem5_name": "X86", "script_name": "run_micro", "running": false, "enqueue_time": 1639095608.3103063, "start_time": 1639095608.403075, "end_time": 1639098141.2282062, "return_code": -6, "kill_reason": "", "status": "Failed", "pid": 1803958, "task_id": null, "results": null, "string": "X86 run_microDefaultO3 DDR3_1600_8x8 /data/benchmarks/spec2017/benchspec/CPU/531.deepsjeng_r/exe/deepsjeng_r_base.mytest-m64  --clock 4GHz -W 0 -I 500000000", "command": ["/localhome/tianhaot/750proj/gem5-baseline/build/X86/gem5.opt", "-re", "--outdir=/local-scratch/localhome/tianhaot/run_spec/results-proj-tagged/X86/run_micro/531.deepsjeng_r/DefaultO3/DDR3_1600_8x8", "gem5-config-tagged/run_micro.py", "DefaultO3", "DDR3_1600_8x8", "/data/benchmarks/spec2017/benchspec/CPU/531.deepsjeng_r/exe/deepsjeng_r_base.mytest-m64", "", "--clock", "4GHz", "-W", "0", "-I", "500000000"], "hash": "7e9f23b1e667169e24db7d37f7d50a0a", "type": "gem5 run", "current_time": 1639098136.2224355}