{"name": "microbench_tests", "gem5_binary": "/localhome/tianhaot/750proj/gem5-baseline/build/X86/gem5.opt", "run_script": "gem5-config-baseline-dbcp/run_micro.py", "params": ["DefaultO3", "DDR3_1600_8x8", "/data/benchmarks/spec2017/benchspec/CPU/641.leela_s/exe/leela_s_base.mytest-m64", "/data/benchmarks/spec2017/benchspec/CPU/541.leela_r/data/test/input/test.sgf", "--clock", "4GHz", "-W", "0", "-I", "500000000"], "timeout": 7200, "_id": "72d8c641-c882-47ff-9f99-e1db78779839", "outdir": "/local-scratch/localhome/tianhaot/run_spec/results-proj-baseline-dbcp/X86/run_micro/641.leela_s/DefaultO3/DDR3_1600_8x8", "gem5_name": "X86", "script_name": "run_micro", "running": false, "enqueue_time": 1638929261.1010804, "start_time": 1638929261.2059414, "end_time": 1638931168.2349362, "return_code": 0, "kill_reason": "", "status": "Finished", "pid": 1258705, "task_id": null, "results": null, "string": "X86 run_microDefaultO3 DDR3_1600_8x8 /data/benchmarks/spec2017/benchspec/CPU/641.leela_s/exe/leela_s_base.mytest-m64 /data/benchmarks/spec2017/benchspec/CPU/541.leela_r/data/test/input/test.sgf --clock 4GHz -W 0 -I 500000000", "command": ["/localhome/tianhaot/750proj/gem5-baseline/build/X86/gem5.opt", "-re", "--outdir=/local-scratch/localhome/tianhaot/run_spec/results-proj-baseline-dbcp/X86/run_micro/641.leela_s/DefaultO3/DDR3_1600_8x8", "gem5-config-baseline-dbcp/run_micro.py", "DefaultO3", "DDR3_1600_8x8", "/data/benchmarks/spec2017/benchspec/CPU/641.leela_s/exe/leela_s_base.mytest-m64", "/data/benchmarks/spec2017/benchspec/CPU/541.leela_r/data/test/input/test.sgf", "--clock", "4GHz", "-W", "0", "-I", "500000000"], "hash": "1c1f304e01a71d245eb09e9ae91864da", "type": "gem5 run", "current_time": 1638931163.229024}