{"name": "microbench_tests", "gem5_binary": "/localhome/tianhaot/750proj/gem5-baseline/build/X86/gem5.opt", "run_script": "gem5-config-proj/run_micro.py", "params": ["Simple", "DDR3_1600_8x8", "/data/benchmarks/spec2017/benchspec/CPU/505.mcf_r/exe/mcf_r_base.mytest-m64", "/data/benchmarks/spec2017/benchspec/CPU/505.mcf_r/data/test/input/inp.in", "--clock", "4GHz", "-W", "0", "-I", "1000000000"], "timeout": 28800, "_id": "8db81e5a-a0d3-4318-9920-895798091195", "outdir": "/local-scratch/localhome/tianhaot/run_spec/results-proj-baseline/X86/run_micro/505.mcf_r/Simple/DDR3_1600_8x8", "gem5_name": "X86", "script_name": "run_micro", "running": false, "enqueue_time": 1639371418.1785789, "start_time": 1639371418.2752519, "end_time": 1639372849.844712, "return_code": 0, "kill_reason": "", "status": "Finished", "pid": 2762090, "task_id": null, "results": null, "string": "X86 run_microSimple DDR3_1600_8x8 /data/benchmarks/spec2017/benchspec/CPU/505.mcf_r/exe/mcf_r_base.mytest-m64 /data/benchmarks/spec2017/benchspec/CPU/505.mcf_r/data/test/input/inp.in --clock 4GHz -W 0 -I 1000000000", "command": ["/localhome/tianhaot/750proj/gem5-baseline/build/X86/gem5.opt", "-re", "--outdir=/local-scratch/localhome/tianhaot/run_spec/results-proj-baseline/X86/run_micro/505.mcf_r/Simple/DDR3_1600_8x8", "gem5-config-proj/run_micro.py", "Simple", "DDR3_1600_8x8", "/data/benchmarks/spec2017/benchspec/CPU/505.mcf_r/exe/mcf_r_base.mytest-m64", "/data/benchmarks/spec2017/benchspec/CPU/505.mcf_r/data/test/input/inp.in", "--clock", "4GHz", "-W", "0", "-I", "1000000000"], "hash": "e0d0d90468510bd0368483f2fd46ec3b", "type": "gem5 run", "current_time": 1639372844.8387764}