{"name": "microbench_tests", "gem5_binary": "/localhome/tianhaot/750proj/gem5-baseline/build/X86/gem5.opt", "run_script": "gem5-config-baseline-dbcp/run_micro.py", "params": ["Simple", "DDR3_1600_8x8", "/data/benchmarks/spec2017/benchspec/CPU/641.leela_s/exe/leela_s_base.mytest-m64", "/data/benchmarks/spec2017/benchspec/CPU/541.leela_r/data/test/input/test.sgf", "--clock", "4GHz", "-W", "0", "-I", "500000000"], "timeout": 7200, "_id": "64df467b-59d3-4258-ac21-2484ffe0718f", "outdir": "/local-scratch/localhome/tianhaot/run_spec/results-proj-baseline-dbcp/X86/run_micro/641.leela_s/Simple/DDR3_1600_8x8", "gem5_name": "X86", "script_name": "run_micro", "running": false, "enqueue_time": 1638929261.100783, "start_time": 1638929261.2057507, "end_time": 1638929861.8258207, "return_code": 0, "kill_reason": "", "status": "Finished", "pid": 1258704, "task_id": null, "results": null, "string": "X86 run_microSimple DDR3_1600_8x8 /data/benchmarks/spec2017/benchspec/CPU/641.leela_s/exe/leela_s_base.mytest-m64 /data/benchmarks/spec2017/benchspec/CPU/541.leela_r/data/test/input/test.sgf --clock 4GHz -W 0 -I 500000000", "command": ["/localhome/tianhaot/750proj/gem5-baseline/build/X86/gem5.opt", "-re", "--outdir=/local-scratch/localhome/tianhaot/run_spec/results-proj-baseline-dbcp/X86/run_micro/641.leela_s/Simple/DDR3_1600_8x8", "gem5-config-baseline-dbcp/run_micro.py", "Simple", "DDR3_1600_8x8", "/data/benchmarks/spec2017/benchspec/CPU/641.leela_s/exe/leela_s_base.mytest-m64", "/data/benchmarks/spec2017/benchspec/CPU/541.leela_r/data/test/input/test.sgf", "--clock", "4GHz", "-W", "0", "-I", "500000000"], "hash": "23d12aba521da2ea572e09394b4c77fd", "type": "gem5 run", "current_time": 1638929856.8201215}