{"name": "microbench_tests", "gem5_binary": "/localhome/tianhaot/750proj/gem5-baseline/build/X86/gem5.opt", "run_script": "gem5-config-tagged/run_micro.py", "params": ["DefaultO3", "DDR3_1600_8x8", "/data/benchmarks/spec2017/benchspec/CPU/510.parest_r/exe/parest_r_base.mytest-m64", "/data/benchmarks/spec2017/benchspec/CPU/510.parest_r/data/test/input/test.prm", "--clock", "4GHz", "-W", "0", "-I", "500000000"], "timeout": 7200, "_id": "5ac332c9-ef3e-497d-b238-b462667e0427", "outdir": "/local-scratch/localhome/tianhaot/run_spec/results-proj-tagged/X86/run_micro/510.parest_r/DefaultO3/DDR3_1600_8x8", "gem5_name": "X86", "script_name": "run_micro", "running": false, "enqueue_time": 1639095608.3089106, "start_time": 1639095608.4016552, "end_time": 1639097986.040522, "return_code": 0, "kill_reason": "", "status": "Finished", "pid": 1803951, "task_id": null, "results": null, "string": "X86 run_microDefaultO3 DDR3_1600_8x8 /data/benchmarks/spec2017/benchspec/CPU/510.parest_r/exe/parest_r_base.mytest-m64 /data/benchmarks/spec2017/benchspec/CPU/510.parest_r/data/test/input/test.prm --clock 4GHz -W 0 -I 500000000", "command": ["/localhome/tianhaot/750proj/gem5-baseline/build/X86/gem5.opt", "-re", "--outdir=/local-scratch/localhome/tianhaot/run_spec/results-proj-tagged/X86/run_micro/510.parest_r/DefaultO3/DDR3_1600_8x8", "gem5-config-tagged/run_micro.py", "DefaultO3", "DDR3_1600_8x8", "/data/benchmarks/spec2017/benchspec/CPU/510.parest_r/exe/parest_r_base.mytest-m64", "/data/benchmarks/spec2017/benchspec/CPU/510.parest_r/data/test/input/test.prm", "--clock", "4GHz", "-W", "0", "-I", "500000000"], "hash": "727e8e18053519e92414baf1d4e197ed", "type": "gem5 run", "current_time": 1639097981.0346336}