{"name": "microbench_tests", "gem5_binary": "/localhome/tianhaot/750proj/gem5-baseline/build/X86/gem5.opt", "run_script": "gem5-config-proj/run_micro.py", "params": ["DefaultO3", "DDR3_1600_8x8", "/data/benchmarks/spec2017/benchspec/CPU/505.mcf_r/exe/mcf_r_base.mytest-m64", "/data/benchmarks/spec2017/benchspec/CPU/505.mcf_r/data/test/input/inp.in", "--clock", "4GHz", "-W", "0", "-I", "1000000000"], "timeout": 28800, "_id": "d9413f95-d034-4272-9149-1eab730f81ef", "outdir": "/local-scratch/localhome/tianhaot/run_spec/results-proj-baseline/X86/run_micro/505.mcf_r/DefaultO3/DDR3_1600_8x8", "gem5_name": "X86", "script_name": "run_micro", "running": false, "enqueue_time": 1639371418.178814, "start_time": 1639371418.275345, "end_time": 1639380087.914207, "return_code": 0, "kill_reason": "", "status": "Finished", "pid": 2762092, "task_id": null, "results": null, "string": "X86 run_microDefaultO3 DDR3_1600_8x8 /data/benchmarks/spec2017/benchspec/CPU/505.mcf_r/exe/mcf_r_base.mytest-m64 /data/benchmarks/spec2017/benchspec/CPU/505.mcf_r/data/test/input/inp.in --clock 4GHz -W 0 -I 1000000000", "command": ["/localhome/tianhaot/750proj/gem5-baseline/build/X86/gem5.opt", "-re", "--outdir=/local-scratch/localhome/tianhaot/run_spec/results-proj-baseline/X86/run_micro/505.mcf_r/DefaultO3/DDR3_1600_8x8", "gem5-config-proj/run_micro.py", "DefaultO3", "DDR3_1600_8x8", "/data/benchmarks/spec2017/benchspec/CPU/505.mcf_r/exe/mcf_r_base.mytest-m64", "/data/benchmarks/spec2017/benchspec/CPU/505.mcf_r/data/test/input/inp.in", "--clock", "4GHz", "-W", "0", "-I", "1000000000"], "hash": "5c3974ef907e68b42b1ebccf7f628442", "type": "gem5 run", "current_time": 1639380082.9084485}