{"name": "microbench_tests", "gem5_binary": "/localhome/tianhaot/750proj/gem5-baseline/build/X86/gem5.opt", "run_script": "gem5-config-tagged/run_micro.py", "params": ["Simple", "DDR3_1600_8x8", "/data/benchmarks/spec2017/benchspec/CPU/523.xalancbmk_r/exe/cpuxalan_r_base.mytest-m64", "/data/benchmarks/spec2017/benchspec/CPU/523.xalancbmk_r/data/test/input/test.xml /data/benchmarks/spec2017/benchspec/CPU/523.xalancbmk_r/data/refrate/input/xalanc.xsl", "--clock", "4GHz", "-W", "0", "-I", "500000000"], "timeout": 7200, "_id": "e074b32f-0f06-4df8-8a3b-6d090e1c1003", "outdir": "/local-scratch/localhome/tianhaot/run_spec/results-proj-tagged/X86/run_micro/523.xalancbmk_r/Simple/DDR3_1600_8x8", "gem5_name": "X86", "script_name": "run_micro", "running": false, "enqueue_time": 1639095608.3117478, "start_time": 1639095608.4036222, "end_time": 1639096108.9429824, "return_code": 0, "kill_reason": "", "status": "Finished", "pid": 1803960, "task_id": null, "results": null, "string": "X86 run_microSimple DDR3_1600_8x8 /data/benchmarks/spec2017/benchspec/CPU/523.xalancbmk_r/exe/cpuxalan_r_base.mytest-m64 /data/benchmarks/spec2017/benchspec/CPU/523.xalancbmk_r/data/test/input/test.xml /data/benchmarks/spec2017/benchspec/CPU/523.xalancbmk_r/data/refrate/input/xalanc.xsl --clock 4GHz -W 0 -I 500000000", "command": ["/localhome/tianhaot/750proj/gem5-baseline/build/X86/gem5.opt", "-re", "--outdir=/local-scratch/localhome/tianhaot/run_spec/results-proj-tagged/X86/run_micro/523.xalancbmk_r/Simple/DDR3_1600_8x8", "gem5-config-tagged/run_micro.py", "Simple", "DDR3_1600_8x8", "/data/benchmarks/spec2017/benchspec/CPU/523.xalancbmk_r/exe/cpuxalan_r_base.mytest-m64", "/data/benchmarks/spec2017/benchspec/CPU/523.xalancbmk_r/data/test/input/test.xml /data/benchmarks/spec2017/benchspec/CPU/523.xalancbmk_r/data/refrate/input/xalanc.xsl", "--clock", "4GHz", "-W", "0", "-I", "500000000"], "hash": "5879ce7f467d9ad3071ec0b32bb479a5", "type": "gem5 run", "current_time": 1639096103.9374175}