{"name": "microbench_tests", "gem5_binary": "/localhome/tianhaot/750proj/gem5-baseline/build/X86/gem5.opt", "run_script": "gem5-config-stride/run_micro.py", "params": ["Simple", "DDR3_1600_8x8", "/data/benchmarks/spec2017/benchspec/CPU/631.deepsjeng_s/exe/deepsjeng_s_base.mytest-m64", "", "--clock", "4GHz", "-W", "0", "-I", "500000000"], "timeout": 7200, "_id": "1d0d9a41-d755-4ece-a224-48f63e439f0f", "outdir": "/local-scratch/localhome/tianhaot/run_spec/results-proj-stride/X86/run_micro/631.deepsjeng_s/Simple/DDR3_1600_8x8", "gem5_name": "X86", "script_name": "run_micro", "running": false, "enqueue_time": 1639095593.4158745, "start_time": 1639095593.5101705, "end_time": 1639097035.073706, "return_code": 0, "kill_reason": "", "status": "Finished", "pid": 1803447, "task_id": null, "results": null, "string": "X86 run_microSimple DDR3_1600_8x8 /data/benchmarks/spec2017/benchspec/CPU/631.deepsjeng_s/exe/deepsjeng_s_base.mytest-m64  --clock 4GHz -W 0 -I 500000000", "command": ["/localhome/tianhaot/750proj/gem5-baseline/build/X86/gem5.opt", "-re", "--outdir=/local-scratch/localhome/tianhaot/run_spec/results-proj-stride/X86/run_micro/631.deepsjeng_s/Simple/DDR3_1600_8x8", "gem5-config-stride/run_micro.py", "Simple", "DDR3_1600_8x8", "/data/benchmarks/spec2017/benchspec/CPU/631.deepsjeng_s/exe/deepsjeng_s_base.mytest-m64", "", "--clock", "4GHz", "-W", "0", "-I", "500000000"], "hash": "141263f56348952a2f8f80ee56cfa3fe", "type": "gem5 run", "current_time": 1639097030.0678108}