{"name": "microbench_tests", "gem5_binary": "/localhome/tianhaot/750proj/gem5-baseline/build/X86/gem5.opt", "run_script": "gem5-config-proj/run_micro.py", "params": ["Simple", "DDR3_1600_8x8", "/data/benchmarks/spec2017/benchspec/CPU/531.deepsjeng_r/exe/deepsjeng_r_base.mytest-m64", "", "--clock", "4GHz", "-W", "0", "-I", "1000000000"], "timeout": 28800, "_id": "1dad7fa0-3804-4ba2-b350-d1c28e67b20d", "outdir": "/local-scratch/localhome/tianhaot/run_spec/results-proj-baseline/X86/run_micro/531.deepsjeng_r/Simple/DDR3_1600_8x8", "gem5_name": "X86", "script_name": "run_micro", "running": false, "enqueue_time": 1639371418.1776586, "start_time": 1639371418.2739973, "end_time": 1639371683.5623076, "return_code": 0, "kill_reason": "", "status": "Finished", "pid": 2762085, "task_id": null, "results": null, "string": "X86 run_microSimple DDR3_1600_8x8 /data/benchmarks/spec2017/benchspec/CPU/531.deepsjeng_r/exe/deepsjeng_r_base.mytest-m64  --clock 4GHz -W 0 -I 1000000000", "command": ["/localhome/tianhaot/750proj/gem5-baseline/build/X86/gem5.opt", "-re", "--outdir=/local-scratch/localhome/tianhaot/run_spec/results-proj-baseline/X86/run_micro/531.deepsjeng_r/Simple/DDR3_1600_8x8", "gem5-config-proj/run_micro.py", "Simple", "DDR3_1600_8x8", "/data/benchmarks/spec2017/benchspec/CPU/531.deepsjeng_r/exe/deepsjeng_r_base.mytest-m64", "", "--clock", "4GHz", "-W", "0", "-I", "1000000000"], "hash": "d0e2e0e89d9f526f1d2e7e9f7ad9b2ae", "type": "gem5 run", "current_time": 1639371678.5564077}