{"name": "microbench_tests", "gem5_binary": "/localhome/tianhaot/750proj/gem5-baseline/build/X86/gem5.opt", "run_script": "gem5-config-baseline-dbcp/run_micro.py", "params": ["Simple", "DDR3_1600_8x8", "/data/benchmarks/spec2017/benchspec/CPU/631.deepsjeng_s/exe/deepsjeng_s_base.mytest-m64", "", "--clock", "4GHz", "-W", "0", "-I", "500000000"], "timeout": 7200, "_id": "75c245c0-13d5-479d-9182-eee2c507e79a", "outdir": "/local-scratch/localhome/tianhaot/run_spec/results-proj-baseline-dbcp/X86/run_micro/631.deepsjeng_s/Simple/DDR3_1600_8x8", "gem5_name": "X86", "script_name": "run_micro", "running": false, "enqueue_time": 1638929261.1020906, "start_time": 1638929261.2061303, "end_time": 1638930727.7600198, "return_code": 0, "kill_reason": "", "status": "Finished", "pid": 1258703, "task_id": null, "results": null, "string": "X86 run_microSimple DDR3_1600_8x8 /data/benchmarks/spec2017/benchspec/CPU/631.deepsjeng_s/exe/deepsjeng_s_base.mytest-m64  --clock 4GHz -W 0 -I 500000000", "command": ["/localhome/tianhaot/750proj/gem5-baseline/build/X86/gem5.opt", "-re", "--outdir=/local-scratch/localhome/tianhaot/run_spec/results-proj-baseline-dbcp/X86/run_micro/631.deepsjeng_s/Simple/DDR3_1600_8x8", "gem5-config-baseline-dbcp/run_micro.py", "Simple", "DDR3_1600_8x8", "/data/benchmarks/spec2017/benchspec/CPU/631.deepsjeng_s/exe/deepsjeng_s_base.mytest-m64", "", "--clock", "4GHz", "-W", "0", "-I", "500000000"], "hash": "47aff02eb937b9c9a6c915cfbfe42928", "type": "gem5 run", "current_time": 1638930722.7544918}