{"name": "microbench_tests", "gem5_binary": "/localhome/tianhaot/750proj/gem5-baseline/build/X86/gem5.opt", "run_script": "gem5-config-proj/run_micro.py", "params": ["Simple", "DDR3_1600_8x8", "/data/benchmarks/spec2017/benchspec/CPU/641.leela_s/exe/leela_s_base.mytest-m64", "/data/benchmarks/spec2017/benchspec/CPU/541.leela_r/data/test/input/test.sgf", "--clock", "4GHz", "-W", "0", "-I", "1000000000"], "timeout": 28800, "_id": "30779fc6-084a-4b90-b422-e32898918a6b", "outdir": "/local-scratch/localhome/tianhaot/run_spec/results-proj-baseline/X86/run_micro/641.leela_s/Simple/DDR3_1600_8x8", "gem5_name": "X86", "script_name": "run_micro", "running": false, "enqueue_time": 1639371418.1771438, "start_time": 1639371418.2735856, "end_time": 1639372469.4318078, "return_code": 0, "kill_reason": "", "status": "Finished", "pid": 2762083, "task_id": null, "results": null, "string": "X86 run_microSimple DDR3_1600_8x8 /data/benchmarks/spec2017/benchspec/CPU/641.leela_s/exe/leela_s_base.mytest-m64 /data/benchmarks/spec2017/benchspec/CPU/541.leela_r/data/test/input/test.sgf --clock 4GHz -W 0 -I 1000000000", "command": ["/localhome/tianhaot/750proj/gem5-baseline/build/X86/gem5.opt", "-re", "--outdir=/local-scratch/localhome/tianhaot/run_spec/results-proj-baseline/X86/run_micro/641.leela_s/Simple/DDR3_1600_8x8", "gem5-config-proj/run_micro.py", "Simple", "DDR3_1600_8x8", "/data/benchmarks/spec2017/benchspec/CPU/641.leela_s/exe/leela_s_base.mytest-m64", "/data/benchmarks/spec2017/benchspec/CPU/541.leela_r/data/test/input/test.sgf", "--clock", "4GHz", "-W", "0", "-I", "1000000000"], "hash": "bab40d3547d8d1db81c3b2f66c18d875", "type": "gem5 run", "current_time": 1639372464.4259825}