{"name": "microbench_tests", "gem5_binary": "/localhome/tianhaot/750proj/gem5-baseline/build/X86/gem5.opt", "run_script": "gem5-config-he/run_micro.py", "params": ["DefaultO3", "DDR3_1600_8x8", "/data/benchmarks/spec2017/benchspec/CPU/541.leela_r/exe/leela_r_base.mytest-m64", "/data/benchmarks/spec2017/benchspec/CPU/541.leela_r/data/test/input/test.sgf", "--clock", "4GHz", "-W", "0", "-I", "1000000000"], "timeout": 28800, "_id": "dd03d8bf-86b4-4a26-a042-c9bfd687bb4b", "outdir": "/local-scratch/localhome/tianhaot/run_spec/results-proj-he/X86/run_micro/541.leela_r/DefaultO3/DDR3_1600_8x8", "gem5_name": "X86", "script_name": "run_micro", "running": false, "enqueue_time": 1639371415.7642288, "start_time": 1639371415.8603313, "end_time": 1639375330.221997, "return_code": 0, "kill_reason": "", "status": "Finished", "pid": 2761854, "task_id": null, "results": null, "string": "X86 run_microDefaultO3 DDR3_1600_8x8 /data/benchmarks/spec2017/benchspec/CPU/541.leela_r/exe/leela_r_base.mytest-m64 /data/benchmarks/spec2017/benchspec/CPU/541.leela_r/data/test/input/test.sgf --clock 4GHz -W 0 -I 1000000000", "command": ["/localhome/tianhaot/750proj/gem5-baseline/build/X86/gem5.opt", "-re", "--outdir=/local-scratch/localhome/tianhaot/run_spec/results-proj-he/X86/run_micro/541.leela_r/DefaultO3/DDR3_1600_8x8", "gem5-config-he/run_micro.py", "DefaultO3", "DDR3_1600_8x8", "/data/benchmarks/spec2017/benchspec/CPU/541.leela_r/exe/leela_r_base.mytest-m64", "/data/benchmarks/spec2017/benchspec/CPU/541.leela_r/data/test/input/test.sgf", "--clock", "4GHz", "-W", "0", "-I", "1000000000"], "hash": "a0766465450ebf5c6f43fcb8d7516338", "type": "gem5 run", "current_time": 1639375325.2162256}