{"name": "microbench_tests", "gem5_binary": "/localhome/tianhaot/750proj/gem5-baseline/build/X86/gem5.opt", "run_script": "gem5-config-he/run_micro.py", "params": ["Simple", "DDR3_1600_8x8", "/data/benchmarks/spec2017/benchspec/CPU/631.deepsjeng_s/exe/deepsjeng_s_base.mytest-m64", "", "--clock", "4GHz", "-W", "0", "-I", "1000000000"], "timeout": 28800, "_id": "213fb325-bc07-4cc8-ab9a-c6ae9c228f81", "outdir": "/local-scratch/localhome/tianhaot/run_spec/results-proj-he/X86/run_micro/631.deepsjeng_s/Simple/DDR3_1600_8x8", "gem5_name": "X86", "script_name": "run_micro", "running": false, "enqueue_time": 1639371415.7653682, "start_time": 1639371415.861613, "end_time": 1639373993.7139344, "return_code": 0, "kill_reason": "", "status": "Finished", "pid": 2761858, "task_id": null, "results": null, "string": "X86 run_microSimple DDR3_1600_8x8 /data/benchmarks/spec2017/benchspec/CPU/631.deepsjeng_s/exe/deepsjeng_s_base.mytest-m64  --clock 4GHz -W 0 -I 1000000000", "command": ["/localhome/tianhaot/750proj/gem5-baseline/build/X86/gem5.opt", "-re", "--outdir=/local-scratch/localhome/tianhaot/run_spec/results-proj-he/X86/run_micro/631.deepsjeng_s/Simple/DDR3_1600_8x8", "gem5-config-he/run_micro.py", "Simple", "DDR3_1600_8x8", "/data/benchmarks/spec2017/benchspec/CPU/631.deepsjeng_s/exe/deepsjeng_s_base.mytest-m64", "", "--clock", "4GHz", "-W", "0", "-I", "1000000000"], "hash": "6fad04100a728f0969aa0d7e782c443d", "type": "gem5 run", "current_time": 1639373988.7080855}