{"name": "microbench_tests", "gem5_binary": "/localhome/tianhaot/750proj/gem5-baseline/build/X86/gem5.opt", "run_script": "gem5-config-stride/run_micro.py", "params": ["DefaultO3", "DDR3_1600_8x8", "/data/benchmarks/spec2017/benchspec/CPU/541.leela_r/exe/leela_r_base.mytest-m64", "/data/benchmarks/spec2017/benchspec/CPU/541.leela_r/data/test/input/test.sgf", "--clock", "4GHz", "-W", "0", "-I", "500000000"], "timeout": 7200, "_id": "c486bcae-029c-42b1-b90c-1b0cb46218c9", "outdir": "/local-scratch/localhome/tianhaot/run_spec/results-proj-stride/X86/run_micro/541.leela_r/DefaultO3/DDR3_1600_8x8", "gem5_name": "X86", "script_name": "run_micro", "running": false, "enqueue_time": 1639095593.41487, "start_time": 1639095593.508879, "end_time": 1639097515.5828638, "return_code": 0, "kill_reason": "", "status": "Finished", "pid": 1803442, "task_id": null, "results": null, "string": "X86 run_microDefaultO3 DDR3_1600_8x8 /data/benchmarks/spec2017/benchspec/CPU/541.leela_r/exe/leela_r_base.mytest-m64 /data/benchmarks/spec2017/benchspec/CPU/541.leela_r/data/test/input/test.sgf --clock 4GHz -W 0 -I 500000000", "command": ["/localhome/tianhaot/750proj/gem5-baseline/build/X86/gem5.opt", "-re", "--outdir=/local-scratch/localhome/tianhaot/run_spec/results-proj-stride/X86/run_micro/541.leela_r/DefaultO3/DDR3_1600_8x8", "gem5-config-stride/run_micro.py", "DefaultO3", "DDR3_1600_8x8", "/data/benchmarks/spec2017/benchspec/CPU/541.leela_r/exe/leela_r_base.mytest-m64", "/data/benchmarks/spec2017/benchspec/CPU/541.leela_r/data/test/input/test.sgf", "--clock", "4GHz", "-W", "0", "-I", "500000000"], "hash": "b8bc7fa9274beca448cd36c09bdec95f", "type": "gem5 run", "current_time": 1639097510.5770552}