{"name": "microbench_tests", "gem5_binary": "/localhome/tianhaot/750proj/gem5-baseline/build/X86/gem5.opt", "run_script": "gem5-config-he/run_micro.py", "params": ["DefaultO3", "DDR3_1600_8x8", "/data/benchmarks/spec2017/benchspec/CPU/505.mcf_r/exe/mcf_r_base.mytest-m64", "/data/benchmarks/spec2017/benchspec/CPU/505.mcf_r/data/test/input/inp.in", "--clock", "4GHz", "-W", "0", "-I", "1000000000"], "timeout": 28800, "_id": "5337c413-ac4f-47a9-a860-d391e8ca7bed", "outdir": "/local-scratch/localhome/tianhaot/run_spec/results-proj-he/X86/run_micro/505.mcf_r/DefaultO3/DDR3_1600_8x8", "gem5_name": "X86", "script_name": "run_micro", "running": false, "enqueue_time": 1639371415.7660394, "start_time": 1639371415.8619776, "end_time": 1639379640.0159702, "return_code": 0, "kill_reason": "", "status": "Finished", "pid": 2761859, "task_id": null, "results": null, "string": "X86 run_microDefaultO3 DDR3_1600_8x8 /data/benchmarks/spec2017/benchspec/CPU/505.mcf_r/exe/mcf_r_base.mytest-m64 /data/benchmarks/spec2017/benchspec/CPU/505.mcf_r/data/test/input/inp.in --clock 4GHz -W 0 -I 1000000000", "command": ["/localhome/tianhaot/750proj/gem5-baseline/build/X86/gem5.opt", "-re", "--outdir=/local-scratch/localhome/tianhaot/run_spec/results-proj-he/X86/run_micro/505.mcf_r/DefaultO3/DDR3_1600_8x8", "gem5-config-he/run_micro.py", "DefaultO3", "DDR3_1600_8x8", "/data/benchmarks/spec2017/benchspec/CPU/505.mcf_r/exe/mcf_r_base.mytest-m64", "/data/benchmarks/spec2017/benchspec/CPU/505.mcf_r/data/test/input/inp.in", "--clock", "4GHz", "-W", "0", "-I", "1000000000"], "hash": "8a8df3ba0c7b73b1647f590c46a17c65", "type": "gem5 run", "current_time": 1639379635.0100367}